[
{
    "model": "portfolio.technology",
    "pk": 12,
    "fields": {
        "name": "Django",
        "slug": "django",
        "icon": null,
        "category": "backend",
        "created_at": "2025-03-17T16:26:21.605Z",
        "updated_at": "2025-03-17T16:26:21.605Z"
    }
},
{
    "model": "portfolio.technology",
    "pk": 13,
    "fields": {
        "name": "Tailwind CSS",
        "slug": "tailwind-css",
        "icon": null,
        "category": "other",
        "created_at": "2025-03-17T16:26:27.785Z",
        "updated_at": "2025-03-17T16:26:27.785Z"
    }
},
{
    "model": "portfolio.technology",
    "pk": 14,
    "fields": {
        "name": "Django REST Framework",
        "slug": "django-rest-framework",
        "icon": null,
        "category": "backend",
        "created_at": "2025-03-17T16:26:48.424Z",
        "updated_at": "2025-03-17T16:26:48.424Z"
    }
},
{
    "model": "portfolio.technology",
    "pk": 15,
    "fields": {
        "name": "MySQL",
        "slug": "mysql",
        "icon": null,
        "category": "database",
        "created_at": "2025-03-17T16:26:58.402Z",
        "updated_at": "2025-03-17T16:26:58.402Z"
    }
},
{
    "model": "portfolio.technology",
    "pk": 17,
    "fields": {
        "name": "Stripe",
        "slug": "stripe",
        "icon": null,
        "category": "backend",
        "created_at": "2025-03-20T12:07:32.858Z",
        "updated_at": "2025-03-20T12:07:32.859Z"
    }
},
{
    "model": "portfolio.portfolio",
    "pk": 5,
    "fields": {
        "title": "Stream English",
        "slug": "stream-english",
        "short_description": "<p>Professional Learning Management System with an eCommerce Shop and Blog</p>",
        "project_timeline": "October 2024-December 2024",
        "introduction": "<p>Stream English is an educational platform focused on English Language and Literature lessons and tutoring. It is specifically focused on exam preparation for UK exam boards (AQA and Edexcel). It has been built with a modern tech stack and following best practices for web development. </p>",
        "business_logic": "<p>The site is a hub for students studying for GCSE English Language and Literature, aiming to provide information and support via YouTube, resources and access to additional study material.</p>",
        "target_audience": "<p>Students studying for GCSE English Language &amp; Literature</p>",
        "tech_stack_description": "<p>The site contains a learning management system, where YouTube videos are uploaded. There is also a shop that provides the ability to add digital products. Stripe is used for taking payment. Finally, there is a blog/news site where articles and videos can be added to help promote the platform.</p><p>The site contains the ability to add images, video and PDF or use external links to include video, images and PDFs.</p><h2><em>Backend:</em></h2><p>Django 5.1</p><p>Python 3.11.10</p><p>MySQL MariaDB (development and production)</p><p>Stripe payment solutions</p><h2><em>Frontend:</em></h2><p>TailwindCSS 3.4.15</p><p>Vanilla JavaScript</p><p>Responsive design with dark mode support</p><h2><em>Infrastructure:</em></h2><p>Deployed on WebHostUK</p><p>passenger_wsgi.py and htaccess for deployment</p><p>Email: SMTP via cPanel</p><p>Media storage: Local filesystem</p>",
        "architecture_description": "",
        "feature_description": "<p><strong>Course Management:</strong> The platform enables comprehensive course creation and organisation, incorporating both video lessons and supporting materials. There is only one teacher running the site and she can upload videos directly through Cloudinary or integrate YouTube content. The system includes robust course categorisation and tracks student progress throughout their learning journey. Free lessons are available without the need to register. Some courses are only available to those who register and enrollment is only available to those who have validated their email address.</p><p><strong>Authentication &amp; User Management: </strong>Users benefit from personalised profiles with secure email verification and password management systems. The enrollment system seamlessly connects students with their chosen courses while maintaining privacy and security standards.<br></p><p><strong>Content Management: </strong>Content creation is streamlined through CKEditor 5's rich text editing capabilities, allowing for dynamic page management. The platform incorporates SEO optimisation tools and engaging visual elements through customisable hero sections and banners to enhance user experience.</p><p></p><p><strong>Learning Features:</strong> Students can easily monitor their educational journey through detailed progress tracking and course completion statistics. The system remembers where each student left off, enabling them to resume learning seamlessly. A preview system lets potential students sample course content before enrollment.<br></p><p><strong>Admin Interface:</strong> Administrators have access to a custom Django interface that provides comprehensive control over content, user management, and course oversight. This centralised management system ensures efficient operation of all platform features.<br></p><p><strong>Development Features:</strong> The technical infrastructure includes secure environment variable management through python-decouple, efficient static file handling with whitenoise, and media management via Cloudinary. The platform incorporates robust CSRF protection and sophisticated error handling to ensure smooth operation and security.</p><p><br></p>",
        "development_process": "",
        "challenges": "",
        "bugs_and_fixes": "<p>The section that monitors video progress does not work in production. It works fine in development but has not transferred over well. There is currently an Ajax issue that prevents it from working.</p>",
        "outcome": "",
        "lessons_learned": "",
        "future_improvements": "",
        "conclusion": "",
        "featured_image": "portfolio/featured/stream-english-project_kqVva2E.png",
        "featured_image_url": null,
        "demo_video_url": null,
        "github_url": "https://github.com/todiane/stream",
        "external_url": null,
        "live_site_url": "https://www.streamenglish.co.uk",
        "is_featured": false,
        "order": 0,
        "status": "published",
        "created_at": "2025-03-17T16:31:18.110Z",
        "updated_at": "2025-03-21T08:39:40.205Z",
        "meta_title": "",
        "meta_description": "",
        "meta_keywords": "",
        "technologies": [
            12,
            15,
            17,
            13
        ]
    }
},
{
    "model": "portfolio.portfolio",
    "pk": 6,
    "fields": {
        "title": "News Aggregator",
        "slug": "news-aggregator",
        "short_description": "<p>I built this news aggregator to help me manage my inbox, one central place to keep all my newsletter and YouTube subscriptions.</p>",
        "project_timeline": "10 days in total",
        "introduction": "<p>I built this news aggregator to help me manage my inbox. I was subscribed to a number of newsletters and YouTube channels and I wanted one central place to keep them all.</p><p>This news aggregator uses Django and Django Rest Framework to call on the RSS feeds of various newsletters and the channel ID of different youtubers.</p><p>The site does not have its own domain name and has been set up as a subdomain of djangify.</p>",
        "business_logic": "",
        "target_audience": "",
        "tech_stack_description": "<p>Django and Django REST Framework</p><p>Tailwind CSS</p><p>MySQL database</p>",
        "architecture_description": "",
        "feature_description": "<p>I add my favourite authors to the backend, in the admin area, and there is a Chron job running daily that fetches the latest 7 posts from each author.</p><p>Once I article or video appears I can click the link to be taken to the site of the author to read the article or to YouTube to watch the video.</p>",
        "development_process": "",
        "challenges": "",
        "bugs_and_fixes": "",
        "outcome": "",
        "lessons_learned": "",
        "future_improvements": "",
        "conclusion": "<p>This was a straight forward project. No major bugs or issues with it. It was great to have a better understand of DRF at this point and APIs.</p>",
        "featured_image": "portfolio/featured/newsaggregator-drf-django.png",
        "featured_image_url": null,
        "demo_video_url": null,
        "github_url": "https://github.com/djangify/news",
        "external_url": null,
        "live_site_url": "https://news.djangify.com/",
        "is_featured": false,
        "order": 4,
        "status": "published",
        "created_at": "2025-03-17T17:23:47.310Z",
        "updated_at": "2025-03-18T00:27:43.596Z",
        "meta_title": "",
        "meta_description": "",
        "meta_keywords": "",
        "technologies": [
            12,
            14,
            15,
            13
        ]
    }
},
{
    "model": "portfolio.portfolio",
    "pk": 7,
    "fields": {
        "title": "Poster Palace",
        "slug": "poster-palace",
        "short_description": "<p>Poster Palace is a full-stack e-commerce application that specialises in selling large and extra-large high-quality posters.</p>",
        "project_timeline": "January 2024-March 2024",
        "introduction": "<p>Poster Palace is an eCommerce store built using Django with Stripe as the payment processor.</p><p>Poster Palace is an MVP (minimum viable product) full-stack e-commerce application built with Django that specialises in selling large and extra-large high-quality posters. This was the final project for my full-stack developer training in 2024.</p><p></p>",
        "business_logic": "<p>The place to buy large (61 x 91 cm or 24.02 x 35.83 inches) and extra large (80 x 120 cm or 31.50 x 47.24 inches) posters. These high quality, designer inspired posters are made with eco-friendly sustainable materials and are statement pieces meant for display at home or in the office. They have been designed for customers looking for unique and impactful wall art.</p><p>The business model combines print-on-demand functionality with community engagement through a unique quarterly design competition where winners' posters are sold on the platform. This approach not only ensures fresh inventory but also builds brand awareness and community involvement.</p><p></p>",
        "target_audience": "<p><strong>Target Audience:</strong> Niche products attract a niche target audience. High quality attracts people willing to pay for luxury products. The larger sizes of these posters along with the printing quality and eco-friendly materials used means our product will attract a specific demographic. This demographic includes interior designers, business owners looking for wall art for their office or individuals with large homes looking for statement pieces to enhance their living space and aesthetics of a room.</p>",
        "tech_stack_description": "<p>Built using Django framework with Python</p><p>PostgreSQL database hosted on Railway</p><p>Bootstrap and custom CSS for responsive design</p><p>Cloudinary for media storage</p><p>SEO optimization and marketing tools integration</p><p>Comprehensive error handling and user feedback system</p>",
        "architecture_description": "",
        "feature_description": "<p>Secure user authentication with email verification</p><p>Full e-commerce functionality with Stripe payment integration</p><p>Product catalogue with advanced filtering and search</p><p>User profiles with order history and delivery information</p><p>Wishlist functionality for registered users</p><p>Product review and rating system</p><p>Newsletter and marketing integration</p><p>Community engagement through design competitions</p><p>Comprehensive admin interface for product and order management</p><p>Future Development Plans:</p><p>Implementation of verified purchase reviews</p><p>Photo integration for customer reviews</p><p>Colour variations for products</p><p>Personalized product recommendations</p><p>Custom price variations based on size</p><p>Direct integration with social media platforms</p><p>Customer customization options</p><p>The platform emphasizes sustainability through eco-friendly materials and focuses on building brand trust through quality products and community engagement. The project demonstrates full-stack development capabilities while implementing business logic to create a viable commercial platform.</p>",
        "development_process": "",
        "challenges": "",
        "bugs_and_fixes": "",
        "outcome": "",
        "lessons_learned": "",
        "future_improvements": "<ul><li><p>Only verified purchases can leave a review. At the moment the review section is available for all registered users. However, to further enhance the review process an update is needed so only customers who have purchased a product and are verified buyers can leave a review.</p></li><li><p>Ability to include a photo with reviews of the poster hanging in the reviewers home/office.</p></li><li><p>Provide different colours of the same poster.</p></li><li><p>Registered users to receive recommendations based on their browsing and purchase history.</p></li><li><p>Price variations will be added so large and extra large sizes are given their own price per product.</p></li><li><p>When saving to the wish list an option will be included so that users are able to select the size they want as well as the product and an add to cart button will be included.</p></li><li><p>If a user is on a product page and clicks on the 'log in to leave a review' I want them to be taken directly to the review area for that product rather than to the default area after logging in.</p></li><li><p>A blog app will be added to help with the community engagement plan, influencer marketing and for search engine optimisation purposes.</p></li><li><p>Customisation will be provided. The ability to let customers add words to posters or use their own images.</p></li><li><p>Analytical data will be collected. The ability to follow a user’s journey on the site and have data for where they visit the most, whether shopping carts have been abandoned, what keywords led a customer to the site, page optimisation and load times plus a host of other data is needed for the success of any website or store.</p></li><li><p>Monitor and Analyse Performance. Analytics tools will be used to track website traffic, sales data, customer behaviour, and other key performance indicators (KPIs).</p></li><li><p>Add Social Authentication Using Django-Allauth.</p></li><li><p>Open the store up to become a market place so other designers can include their work and sell posters.</p></li></ul><p><br></p>",
        "conclusion": "",
        "featured_image": "portfolio/featured/posterpalace_9ruJflr.png",
        "featured_image_url": null,
        "demo_video_url": null,
        "github_url": "https://github.com/todiane/poster-palace",
        "external_url": null,
        "live_site_url": "https://poster-palace-production.up.railway.app/",
        "is_featured": false,
        "order": 3,
        "status": "published",
        "created_at": "2025-03-17T23:57:42.201Z",
        "updated_at": "2025-03-20T12:20:52.613Z",
        "meta_title": "",
        "meta_description": "",
        "meta_keywords": "",
        "technologies": [
            12,
            17
        ]
    }
},
{
    "model": "portfolio.portfolio",
    "pk": 8,
    "fields": {
        "title": "Show Your Spot",
        "slug": "show-your-spot",
        "short_description": "<p>Originally called 'Our Spot' the photo sharing social network platform started as a part of my full-stack developer training.</p>",
        "project_timeline": "October 2023 - December 2023",
        "introduction": "<p>Show Your Spot is a mobile-first developed photo sharing platform created for people who love to share photos of their favourite spots around the world. By sharing individually we collectively build a resource of wonderful spaces to enjoy at a local and global level.</p><p>This project was originally built as part of my full-stack training, to fit into the Code Institute project 4 criteria. The aim was to <em>build a Full-Stack web application that controls a centrally-owned dataset. An authentication mechanism should be used to provide role-based access to the site's data or other activities.</em></p>",
        "business_logic": "<p>Show Your Spot is a web application made using Django. It's main aim is to provide a space where people can go to share their favourite places around the world. As well as sharing photos, the site will also provide an opportunity to connect with other members and foster friendships.</p><p>The key objectives of the project include:</p><ul><li><p>Focusing on user centered design and providing an experience that encourages sharing and interaction through an intuitive easy to use interface.</p></li><li><p>Offering a dedicated space for anyone looking to contribute photos of their favourite spot including local parks, open spaces and hangouts, with an opportunity to share what there is to do and why they love it.</p></li><li><p>An opportunity for people to engage and interact with each other through likes and comments, fostering connection and opening dialogue. Profiles are provided for each member.</p></li><li><p>Building a database-backed model-view-template (MVT) web application that lets users store and manipulate data records including the ability to create, read, edit and delete.</p></li><li><p>Giving users the ability to initiate and control their actions while providing immediate and complete feedback on data processes.</p></li><li><p>A place where administrators of the project have a panel that allows them to monitor members and the information they share as well as the comments they make, to ensure the community is kept safe and the environment is not abused.</p></li></ul><p>The end result has been a user-friendly photo sharing network that has been encouraged and informed through user engagement.</p>",
        "target_audience": "<p>Nature lovers who enjoy being outside and who appreciate the health benefits of spending time in nature.</p><p>Photographers and travellers who love to share some of their favourite spots around the world.</p><p>Adults looking to share the places they love to visit.\t</p><p>Adults looking for places to visit with friends/family or alone.</p>",
        "tech_stack_description": "<p>Django - Framework</p><p>Python</p><p>HTML5 and CSS</p><p>Tailwind CSS</p><p>MySQL database</p><p>GitHub</p><p>GitHub projects - managing and monitoring progress</p><p>JavaScript &amp; jQuery</p><p>Original model used Bootstrap 5 - predefined responsive styles and NavBar</p>",
        "architecture_description": "",
        "feature_description": "<p>As a member of the platform users will enjoy:</p><ul><li><p>The opportunity for users to share their experiences and activities through photographs.</p></li><li><p>An opportunity to interact with other members through comments.</p></li><li><p>A user-friendly dashboard that provides access to all parts of the platform easily.</p></li><li><p>A user-friendly system/user journey for adding, commenting on and liking photos.</p></li><li><p>A user-friendly design that works across all devices.</p></li><li><p>Ability to Like images and follow users.</p></li><li><p>Simplicity in registering, using and interacting were the main priorities to ensure user enjoyment.</p></li></ul><p><strong>Admin</strong></p><p>Manage Accounts: As an administrator, I want to be able to manage user accounts, including creating, editing, and deactivating them if necessary so that my records are kept up to date.</p><p>Register to add photos: As Admin, I want users to register before being able to look at or add a new photo.</p><p>Password Change: As admin I want to set up a system so users can change their password when they are logged in and to be able to contact Admin to change it if they are not logged in.</p><p>Create, Read, Update and Delete As admin I want to be able to create, read, update and delete photos, comments and profiles so that the admin area is kept up to date.</p><p><strong>User</strong></p><p>Registration and Log-In As a user, I want to be able to register an account, so I can participate in Our Spot and immediately log-in.</p><p>log-In/Log Out As a user, I want to log in and out of my account so that I can access the platform securely.</p><p>Create, Edit, Cancel and Delete Photos: As a user I want to be able to create, edit, and delete my photos and any other information added so that I can stay in control of the information I share.</p><p>View User Photos: As a user, I want to be able to view the photos of other users so I can decided whether I want to like and/or leave a comment.</p><p>View Photo Information As a user, I want to view detailed information about a spot when I click on it so that I can see all the information provided.</p><p>Create, Edit, cancel and delete profile: As a user I want to be able to create, edit, and delete my profile so that I have an accurate record of all my personal information and activity.</p><p>View User Profile: As a user, I want to be able to view my profile and my latest activity/uploads so that I can keep my information up to date.</p><p>View Other Profiles: As a user I want to be able to view the profiles of other users so that I can look through their activity.</p><p>Search Facilities: As a user I want to be able to search for different photos available based on their location so that I can find a location or specific image.</p>",
        "development_process": "<p>My aim throughout this project was to focus my working time using agile terminologies:</p><ul><li><p>Create backlog</p></li><li><p>Divide work into sprints</p></li><li><p>Create subset sprints</p></li><li><p>Review work - completed yesterday, to do today, any challenges</p></li><li><p>Testing - developer tool, (print) command, keep an eye on terminal/console area.</p></li><li><p>Obtain feedback.</p></li><li><p>Maintain product backlog and prioritise items/adapt to change</p></li><li><p>Future implementations/scalability and performance optimisation.</p></li></ul><p>The GitHub project area was used to manage this process.</p>",
        "challenges": "",
        "bugs_and_fixes": "",
        "outcome": "",
        "lessons_learned": "",
        "future_improvements": "<p>The second phase provides an opportunity for me to respond to member feedback. It also allows for ongoing refinements and improvements that will evolve based on user input and needs. This highlights the adatability and scalability of the project.</p><p>As this is not the final project, the platform includes a couple of placeholders that were adding to highlight some of these additional features. These are:</p><p><em>Report a photo or profile</em> - The button under photos and profiles is shown for example purposes only but will become a working facility in the next phase.</p><p><em>Email password</em> - If a member is unable to log-in because they have forgotten their password the ability to complete the \"forgotten password\" form is not available and members are presented with a message to contact Admin.</p><p>Additional features to be included are:</p><ul><li><p>Email authentication - the ability to sign up using email to verify your account and receive notifications via email.</p></li><li><p>The ability to search for images based on tags and a stronger search facility overall.</p></li><li><p>Album creation so photos can be saved into specific albums, e.g. parks, holiday etc.</p></li><li><p>Personalised recommendations - members receive recommendations for new spots based on previous uploads.</p></li><li><p>A feed that shows member activity and trending images.</p></li><li><p>Infinite scroll added to the dashboard, locations and members pages.</p></li><li><p>The ability to follow members and get updated when they post.</p></li></ul>",
        "conclusion": "<ul><li><p>The main reason I included a Stage Two into this project was to give me an opportunity to build upon my knowledge and skillset. I don't have all the knowledge and/or skills I need to complete this platform but I am keen to learn how to implement them as I learn more about Django.</p></li><li><p>While I was tempted to continually add things or try to fix things that weren't quite right, I had to conintually bring myself back to the main focus of Project 4, the dataset and the ability for members to use and query the dataset.</p></li></ul><p>The original GITHUB for this project can be found here</p><p><a rel=\"noopener noreferrer nofollow\" href=\"https://github.com/todiane/our-spot\">https://github.com/todiane/our-spot</a></p>",
        "featured_image": "portfolio/featured/show-your-spot-800.png",
        "featured_image_url": null,
        "demo_video_url": null,
        "github_url": "https://github.com/djangify/our-spot",
        "external_url": null,
        "live_site_url": "https://www.showyourspot.com",
        "is_featured": false,
        "order": 2,
        "status": "published",
        "created_at": "2025-03-18T00:01:11.483Z",
        "updated_at": "2025-03-23T10:02:56.817Z",
        "meta_title": "",
        "meta_description": "",
        "meta_keywords": "",
        "technologies": [
            12,
            15,
            13
        ]
    }
},
{
    "model": "portfolio.portfolio",
    "pk": 9,
    "fields": {
        "title": "Pen And I Publishing",
        "slug": "pen-and-i-publishing",
        "short_description": "<p>Pen and I Publishing design and sell paperback notebooks. They also provide a journal and memoir writing prompts generator.</p>",
        "project_timeline": "",
        "introduction": "<p>Along with low content, lined, paperback notebooks, Pen And I also sells printed books for GCSE study and public domain publishing. The site was originally hosted on WordPress from 2022 but moved to using Django and Django Rest Framework for API in 2025.</p>",
        "business_logic": "<p>Pen and I Publishing is a UK-based platform designed to help individuals capture their life stories and memories through guided writing. The site focuses on making memoir writing accessible to everyone—not for publication, but for personal reflection, growth, and sharing with family.</p><p>The project is being developed in phases, with the first phase MVP now complete. This document outlines the current structure and planned development roadmap.</p>",
        "target_audience": "<p>Adults with an interest in writing, journal writing prompts and memoir writing</p>",
        "tech_stack_description": "<ul><li><p><strong>Backend</strong>: Django 5.1</p></li><li><p><strong>Database</strong>: MySQL</p></li><li><p><strong>Frontend</strong>: HTML, CSS (Tailwind CSS), JavaScript</p></li><li><p><strong>Deployment</strong>: Cpanel</p></li><li><p><strong>API</strong>: Django REST Framework</p></li></ul>",
        "architecture_description": "",
        "feature_description": "",
        "development_process": "<h2>Current Features (Phase 1, Part 1 - Complete)</h2><h3>1. Writing Prompt Generator</h3><ul><li><p>Random prompt generation based on filters</p></li><li><p>Category, difficulty, and prompt type filtering</p></li><li><p>Immediate display of prompts without page reload</p></li><li><p>Mobile-responsive design</p></li></ul><h3>2. Blog Section</h3><ul><li><p>Article categorization</p></li><li><p>Publishing workflow with draft/published states</p></li><li><p>Related posts and navigation between posts</p></li><li><p>YouTube video embedding support</p></li><li><p>SEO metadata fields for each post</p></li></ul><h3>3. Core Functionality</h3><ul><li><p>Responsive navigation</p></li><li><p>About page explaining the site's purpose</p></li><li><p>Amazon integration for notebook purchases</p></li><li><p>Basic analytics tracking</p></li></ul><p></p><h2>Upcoming Development (Phase 1, Part 2 - In Progress)</h2><p>User Authentication and Personalization</p><ul><li><p>User registration and login functionality</p></li><li><p>Secure authentication system</p></li><li><p>User profile pages</p></li><li><p>Ability to save and favorite prompts</p></li><li><p>Personal prompt collection management</p></li></ul><p>Implementation Details</p><ul><li><p>Extend User model with profile information</p></li><li><p>Create Favorites model to link users with prompts</p></li><li><p>Implement session management</p></li><li><p>Design profile dashboard interface</p></li><li><p>Add appropriate permission checks to views</p></li></ul>",
        "challenges": "",
        "bugs_and_fixes": "",
        "outcome": "",
        "lessons_learned": "",
        "future_improvements": "<h2>Future Development Roadmap</h2><h3>Phase 2 (Planned for April 2025)</h3><p><strong>AI-Powered Question Expander</strong></p><ul><li><p>Allow users to enter basic memory prompts</p></li><li><p>Generate thoughtful follow-up questions using AI</p></li><li><p>Help users explore memories more deeply</p></li><li><p>Implementation using Django and OpenAI API</p></li></ul><p></p><p>Phase 3 (Planned for May/June 2025)</p><p><strong>Memoir Writing Progress Tracker</strong></p><ul><li><p>Set personal writing goals</p></li><li><p>Track progress towards writing milestones</p></li><li><p>Gamification elements (badges, achievements)</p></li><li><p>Writing streak tracking</p></li><li><p>Optional sharing of milestones</p></li></ul>",
        "conclusion": "<p>There are a number of updates being added to this site to ensure it is interactive and provides value. As of 26 March 2025 authentication is now complete and working and resources have been added for registered members.</p>",
        "featured_image": "portfolio/featured/pen-new-homepage.png",
        "featured_image_url": null,
        "demo_video_url": null,
        "github_url": "https://github.com/djangify/pen",
        "external_url": null,
        "live_site_url": "https://www.penandipublishing.co.uk",
        "is_featured": false,
        "order": 1,
        "status": "published",
        "created_at": "2025-03-18T00:03:35.943Z",
        "updated_at": "2025-03-26T18:45:14.800Z",
        "meta_title": "",
        "meta_description": "",
        "meta_keywords": "",
        "technologies": [
            12,
            14,
            15,
            13
        ]
    }
},
{
    "model": "portfolio.portfolio",
    "pk": 10,
    "fields": {
        "title": "Project Tracker",
        "slug": "project-tracker",
        "short_description": "<p>A Django-based project management system to track and manage multiple projects, tasks, and work sessions. </p>",
        "project_timeline": "Created in One Day",
        "introduction": "<p>This project tracker was created with software for one in mind. It will be something I use to help me stay focused on particular projects. I used Claude.ai to help me build this project. I knew what I wanted but didn't want to spend the next few days coding.</p><p><br>It look less than 10 hours to complete and it was working and ready to use. We completed the project in one chat.</p><p>Right now I am only using this in local development. I may deploy it at some stage but that isn't urgent right now.</p>",
        "business_logic": "<p>I enjoy the variety of different projects. If it is going to take months to build something I would rather have three or four different projects on the go than focus on just that one project for months. </p><p>The only issue with working on multiple projects is when I leave one project to work on another I can't always remember where I left off. So I needed a tracker that tells me what I have worked on and what needs to be worked on.</p>",
        "target_audience": "",
        "tech_stack_description": "<p>Django</p><p>Django REST Framework</p><p>Tailwind CSS</p><p>MySQL - MariaDB</p>",
        "architecture_description": "<p>DRF (Django REST Framework) is used in this project to create a REST API for the project tracker application. </p><p><strong>How DRF is Used in the Project</strong></p><p>API Serializers: In projects/<a rel=\"noopener noreferrer nofollow\" href=\"http://serializers.py\">serializers.py</a>, DRF serializers convert complex data types like Django model instances into JSON format for the API:</p><p>ProjectSerializer, TaskSerializer, and WorkSessionSerializer handle the conversion of model data</p><p>ViewSets: In projects/<a rel=\"noopener noreferrer nofollow\" href=\"http://views.py\">views.py</a>, DRF ViewSets provide a simplified way to create CRUD operations:</p><p>ProjectViewSet, TaskViewSet, and WorkSessionViewSet handle API requests with minimal code</p><p>URL Routing: In projects/<a rel=\"noopener noreferrer nofollow\" href=\"http://urls.py\">urls.py</a>, DRF's router system automatically generates URLs for the API endpoints.</p>",
        "feature_description": "<p>- Track projects with status (active, paused, completed) and priority</p><p>- Manage tasks for each project</p><p>- Log work sessions to monitor time spent on projects</p><p>- Customizable site configuration including branding and social media</p><p>- REST API for integration with other systems</p><p>- Responsive UI using Tailwind CSS</p><p></p><p><strong>Projects App</strong></p><p>- Models for Projects, Tasks, and Work Sessions</p><p>- List and detail views for projects</p><p>- Status filtering and sorting</p><p>- REST API endpoints</p>",
        "development_process": "<p>This project was quick to put together. I literally used cut and paste with the code provided by Claude. I did a vibe coding session with this project. There were things that had to be corrected but I  managed to get everything done without having to start a new conversation.</p><p></p><p>It helped that I stuck to my <a rel=\"noopener noreferrer nofollow\" href=\"/news/django-project-structure/\">Django project structure</a>. I have a pdf version that I upload to the project knowledge area. Still, Claude didn't follow it 100% but I was there to remind it to stick to the structure when it went off course.</p><p>The application follows a clean Django project structure:</p><p>- `config/`: Main Django configuration (settings, urls, wsgi, asgi)</p><p>- `core/`: Shared functionality, homepage, and site-wide utilities</p><p>- `projects/`: Project management app with models and views</p><p>- `templates/`: Project-wide templates</p><p>- `static/`: Static files (CSS, JS, images)</p><p>- `media/`: User-uploaded content (project images, site branding)</p>",
        "challenges": "",
        "bugs_and_fixes": "",
        "outcome": "",
        "lessons_learned": "",
        "future_improvements": "",
        "conclusion": "",
        "featured_image": "portfolio/featured/project-tracker-dashboard-vibe-coding-800.png",
        "featured_image_url": null,
        "demo_video_url": null,
        "github_url": "https://github.com/djangify/project_tracker",
        "external_url": null,
        "live_site_url": null,
        "is_featured": false,
        "order": 5,
        "status": "published",
        "created_at": "2025-03-21T22:03:37.982Z",
        "updated_at": "2025-03-23T10:05:24.699Z",
        "meta_title": "",
        "meta_description": "",
        "meta_keywords": "",
        "technologies": [
            12,
            14,
            15,
            13
        ]
    }
},
{
    "model": "portfolio.portfolioimage",
    "pk": 23,
    "fields": {
        "portfolio": 5,
        "image": "portfolio/gallery/streamheader.png",
        "image_url": null,
        "caption": "Responsive Design",
        "order": 0,
        "created_at": "2025-03-17T16:49:39.232Z",
        "updated_at": "2025-03-17T16:49:39.232Z"
    }
},
{
    "model": "portfolio.portfolioimage",
    "pk": 24,
    "fields": {
        "portfolio": 5,
        "image": "portfolio/gallery/se1.png",
        "image_url": null,
        "caption": "Home Page Top",
        "order": 1,
        "created_at": "2025-03-17T17:03:59.945Z",
        "updated_at": "2025-03-20T12:13:37.958Z"
    }
},
{
    "model": "portfolio.portfolioimage",
    "pk": 25,
    "fields": {
        "portfolio": 5,
        "image": "portfolio/gallery/se2.png",
        "image_url": null,
        "caption": "Tuition Packages - Home Page",
        "order": 2,
        "created_at": "2025-03-17T17:03:59.948Z",
        "updated_at": "2025-03-20T12:13:37.959Z"
    }
},
{
    "model": "portfolio.portfolioimage",
    "pk": 26,
    "fields": {
        "portfolio": 5,
        "image": "portfolio/gallery/se3.png",
        "image_url": null,
        "caption": "Shop - Home Page",
        "order": 3,
        "created_at": "2025-03-17T17:03:59.956Z",
        "updated_at": "2025-03-20T12:13:37.960Z"
    }
},
{
    "model": "portfolio.portfolioimage",
    "pk": 27,
    "fields": {
        "portfolio": 5,
        "image": "portfolio/gallery/se4.png",
        "image_url": null,
        "caption": "Lessons Page",
        "order": 6,
        "created_at": "2025-03-17T17:04:59.753Z",
        "updated_at": "2025-03-20T12:13:37.961Z"
    }
},
{
    "model": "portfolio.portfolioimage",
    "pk": 28,
    "fields": {
        "portfolio": 5,
        "image": "portfolio/gallery/se5.png",
        "image_url": null,
        "caption": "Tuition Page",
        "order": 7,
        "created_at": "2025-03-17T17:04:59.757Z",
        "updated_at": "2025-03-20T12:13:37.962Z"
    }
},
{
    "model": "portfolio.portfolioimage",
    "pk": 29,
    "fields": {
        "portfolio": 5,
        "image": "portfolio/gallery/se6.png",
        "image_url": null,
        "caption": "Profile Members Area",
        "order": 4,
        "created_at": "2025-03-17T17:04:59.759Z",
        "updated_at": "2025-03-20T12:13:37.963Z"
    }
},
{
    "model": "portfolio.portfolioimage",
    "pk": 30,
    "fields": {
        "portfolio": 5,
        "image": "portfolio/gallery/se7.png",
        "image_url": null,
        "caption": "Edit Profile",
        "order": 5,
        "created_at": "2025-03-17T17:04:59.765Z",
        "updated_at": "2025-03-20T12:13:37.964Z"
    }
},
{
    "model": "portfolio.portfolioimage",
    "pk": 31,
    "fields": {
        "portfolio": 5,
        "image": "portfolio/gallery/stream-english-resources.png",
        "image_url": null,
        "caption": "Shop List Page",
        "order": 8,
        "created_at": "2025-03-17T17:04:59.769Z",
        "updated_at": "2025-03-20T12:13:37.965Z"
    }
},
{
    "model": "portfolio.portfolioimage",
    "pk": 32,
    "fields": {
        "portfolio": 6,
        "image": "portfolio/gallery/news.djangify.png",
        "image_url": null,
        "caption": "",
        "order": 0,
        "created_at": "2025-03-17T17:27:33.292Z",
        "updated_at": "2025-03-17T17:27:33.292Z"
    }
},
{
    "model": "portfolio.portfolioimage",
    "pk": 33,
    "fields": {
        "portfolio": 6,
        "image": "portfolio/gallery/news-aggregator-channel.png",
        "image_url": null,
        "caption": "",
        "order": 0,
        "created_at": "2025-03-17T17:28:17.286Z",
        "updated_at": "2025-03-17T17:28:17.286Z"
    }
},
{
    "model": "portfolio.portfolioimage",
    "pk": 34,
    "fields": {
        "portfolio": 6,
        "image": "portfolio/gallery/news-aggregator-django-drf.png",
        "image_url": null,
        "caption": "",
        "order": 0,
        "created_at": "2025-03-17T17:28:17.289Z",
        "updated_at": "2025-03-17T17:28:17.289Z"
    }
},
{
    "model": "portfolio.portfolioimage",
    "pk": 35,
    "fields": {
        "portfolio": 6,
        "image": "portfolio/gallery/news-aggregator-django-drf2.png",
        "image_url": null,
        "caption": "",
        "order": 0,
        "created_at": "2025-03-17T17:28:17.292Z",
        "updated_at": "2025-03-17T17:28:17.292Z"
    }
},
{
    "model": "portfolio.portfolioimage",
    "pk": 36,
    "fields": {
        "portfolio": 9,
        "image": "portfolio/gallery/pen-new-homepage.png",
        "image_url": null,
        "caption": "Home Page",
        "order": 0,
        "created_at": "2025-03-20T11:16:25.417Z",
        "updated_at": "2025-03-26T18:44:10.822Z"
    }
},
{
    "model": "portfolio.portfolioimage",
    "pk": 37,
    "fields": {
        "portfolio": 9,
        "image": "portfolio/gallery/pen-and-i-publishing-prompt-generator.png",
        "image_url": null,
        "caption": "Prompt Generator",
        "order": 1,
        "created_at": "2025-03-20T11:20:19.084Z",
        "updated_at": "2025-03-20T11:20:42.160Z"
    }
},
{
    "model": "portfolio.portfolioimage",
    "pk": 38,
    "fields": {
        "portfolio": 9,
        "image": "portfolio/gallery/pen-and-i-publishing-blog.png",
        "image_url": null,
        "caption": "Blog Page",
        "order": 2,
        "created_at": "2025-03-20T11:20:19.089Z",
        "updated_at": "2025-03-20T11:20:42.161Z"
    }
},
{
    "model": "portfolio.portfolioimage",
    "pk": 39,
    "fields": {
        "portfolio": 9,
        "image": "portfolio/gallery/pen-and-i-publishing-about.png",
        "image_url": null,
        "caption": "About Page",
        "order": 3,
        "created_at": "2025-03-20T11:20:19.094Z",
        "updated_at": "2025-03-20T11:20:42.162Z"
    }
},
{
    "model": "portfolio.portfolioimage",
    "pk": 40,
    "fields": {
        "portfolio": 9,
        "image": "portfolio/gallery/pen-and-i-publishing-notebook-page.png",
        "image_url": null,
        "caption": "Paperback Notebook Page",
        "order": 4,
        "created_at": "2025-03-20T11:20:19.098Z",
        "updated_at": "2025-03-20T11:20:42.163Z"
    }
},
{
    "model": "portfolio.portfolioimage",
    "pk": 41,
    "fields": {
        "portfolio": 8,
        "image": "portfolio/gallery/show-your-spot-home.png",
        "image_url": null,
        "caption": "Home Page Top",
        "order": 1,
        "created_at": "2025-03-20T11:44:34.857Z",
        "updated_at": "2025-03-20T11:51:47.989Z"
    }
},
{
    "model": "portfolio.portfolioimage",
    "pk": 42,
    "fields": {
        "portfolio": 8,
        "image": "portfolio/gallery/show-your-spot_5LUUlaV.png",
        "image_url": null,
        "caption": "",
        "order": 0,
        "created_at": "2025-03-20T11:47:58.135Z",
        "updated_at": "2025-03-20T11:47:58.135Z"
    }
},
{
    "model": "portfolio.portfolioimage",
    "pk": 43,
    "fields": {
        "portfolio": 8,
        "image": "portfolio/gallery/show-your-spot-home2.png",
        "image_url": null,
        "caption": "Home Page",
        "order": 2,
        "created_at": "2025-03-20T11:51:47.996Z",
        "updated_at": "2025-03-20T11:51:47.996Z"
    }
},
{
    "model": "portfolio.portfolioimage",
    "pk": 44,
    "fields": {
        "portfolio": 8,
        "image": "portfolio/gallery/show-your-spot-places.png",
        "image_url": null,
        "caption": "Latest Spots",
        "order": 3,
        "created_at": "2025-03-20T11:51:48.001Z",
        "updated_at": "2025-03-20T11:51:48.001Z"
    }
},
{
    "model": "portfolio.portfolioimage",
    "pk": 45,
    "fields": {
        "portfolio": 8,
        "image": "portfolio/gallery/show-your-spot-dashboard.png",
        "image_url": null,
        "caption": "Member Dashboard",
        "order": 4,
        "created_at": "2025-03-20T11:51:48.006Z",
        "updated_at": "2025-03-20T11:51:48.006Z"
    }
},
{
    "model": "portfolio.portfolioimage",
    "pk": 46,
    "fields": {
        "portfolio": 8,
        "image": "portfolio/gallery/show-your-spot-add.png",
        "image_url": null,
        "caption": "Add A New Spot",
        "order": 5,
        "created_at": "2025-03-20T11:51:48.009Z",
        "updated_at": "2025-03-20T11:51:48.009Z"
    }
},
{
    "model": "portfolio.portfolioimage",
    "pk": 47,
    "fields": {
        "portfolio": 8,
        "image": "portfolio/gallery/show-your-spot-members.png",
        "image_url": null,
        "caption": "Site Members",
        "order": 3,
        "created_at": "2025-03-20T11:58:39.102Z",
        "updated_at": "2025-03-20T11:58:39.102Z"
    }
},
{
    "model": "portfolio.portfolioimage",
    "pk": 48,
    "fields": {
        "portfolio": 7,
        "image": "portfolio/gallery/posterpalace.png",
        "image_url": null,
        "caption": "",
        "order": 0,
        "created_at": "2025-03-20T12:03:05.814Z",
        "updated_at": "2025-03-20T12:03:05.814Z"
    }
},
{
    "model": "portfolio.portfolioimage",
    "pk": 49,
    "fields": {
        "portfolio": 7,
        "image": "portfolio/gallery/rm-about-us-page.png",
        "image_url": null,
        "caption": "About Us Page",
        "order": 6,
        "created_at": "2025-03-20T12:03:05.819Z",
        "updated_at": "2025-03-20T12:05:07.640Z"
    }
},
{
    "model": "portfolio.portfolioimage",
    "pk": 50,
    "fields": {
        "portfolio": 7,
        "image": "portfolio/gallery/rm-homepage-bottom.png",
        "image_url": null,
        "caption": "Home Page End",
        "order": 2,
        "created_at": "2025-03-20T12:03:05.827Z",
        "updated_at": "2025-03-20T12:03:28.304Z"
    }
},
{
    "model": "portfolio.portfolioimage",
    "pk": 51,
    "fields": {
        "portfolio": 7,
        "image": "portfolio/gallery/rm-display-page.png",
        "image_url": null,
        "caption": "Display Page",
        "order": 4,
        "created_at": "2025-03-20T12:03:05.832Z",
        "updated_at": "2025-03-20T12:03:28.305Z"
    }
},
{
    "model": "portfolio.portfolioimage",
    "pk": 52,
    "fields": {
        "portfolio": 7,
        "image": "portfolio/gallery/rm-homepage-top.png",
        "image_url": null,
        "caption": "Home Page Top",
        "order": 1,
        "created_at": "2025-03-20T12:03:05.839Z",
        "updated_at": "2025-03-20T12:03:28.306Z"
    }
},
{
    "model": "portfolio.portfolioimage",
    "pk": 53,
    "fields": {
        "portfolio": 7,
        "image": "portfolio/gallery/rm-contact-us-page.png",
        "image_url": null,
        "caption": "Contact Page",
        "order": 7,
        "created_at": "2025-03-20T12:05:07.646Z",
        "updated_at": "2025-03-20T12:05:07.646Z"
    }
},
{
    "model": "portfolio.portfolioimage",
    "pk": 54,
    "fields": {
        "portfolio": 7,
        "image": "portfolio/gallery/rm-newsletter-page.png",
        "image_url": null,
        "caption": "Newsletter Page",
        "order": 0,
        "created_at": "2025-03-20T12:05:07.655Z",
        "updated_at": "2025-03-20T12:05:07.655Z"
    }
},
{
    "model": "portfolio.portfolioimage",
    "pk": 55,
    "fields": {
        "portfolio": 7,
        "image": "portfolio/gallery/rm-products-list.png",
        "image_url": null,
        "caption": "List of products",
        "order": 3,
        "created_at": "2025-03-20T12:05:07.683Z",
        "updated_at": "2025-03-20T12:05:07.683Z"
    }
},
{
    "model": "portfolio.portfolioimage",
    "pk": 56,
    "fields": {
        "portfolio": 5,
        "image": "portfolio/gallery/se-product-detail.png",
        "image_url": null,
        "caption": "Product Detail",
        "order": 9,
        "created_at": "2025-03-20T12:13:37.968Z",
        "updated_at": "2025-03-20T12:13:37.968Z"
    }
},
{
    "model": "portfolio.portfolioimage",
    "pk": 58,
    "fields": {
        "portfolio": 10,
        "image": "portfolio/gallery/pt-project.png",
        "image_url": null,
        "caption": "Add a project",
        "order": 1,
        "created_at": "2025-03-21T22:16:33.982Z",
        "updated_at": "2025-03-21T22:16:33.982Z"
    }
},
{
    "model": "portfolio.portfolioimage",
    "pk": 59,
    "fields": {
        "portfolio": 10,
        "image": "portfolio/gallery/pt-task.png",
        "image_url": null,
        "caption": "Add tasks to a project",
        "order": 3,
        "created_at": "2025-03-21T22:17:26.127Z",
        "updated_at": "2025-03-23T09:50:32.882Z"
    }
},
{
    "model": "portfolio.portfolioimage",
    "pk": 60,
    "fields": {
        "portfolio": 10,
        "image": "portfolio/gallery/pt-sessions.png",
        "image_url": null,
        "caption": "Monitor time via sessions",
        "order": 3,
        "created_at": "2025-03-21T22:17:26.129Z",
        "updated_at": "2025-03-21T22:17:26.129Z"
    }
},
{
    "model": "portfolio.portfolioimage",
    "pk": 61,
    "fields": {
        "portfolio": 10,
        "image": "portfolio/gallery/project-tracker-vibe-coding.png",
        "image_url": null,
        "caption": "Took just one chat. Vibe Coding.",
        "order": 4,
        "created_at": "2025-03-22T09:30:01.780Z",
        "updated_at": "2025-03-22T09:30:01.780Z"
    }
},
{
    "model": "portfolio.portfolioimage",
    "pk": 63,
    "fields": {
        "portfolio": 10,
        "image": "portfolio/gallery/project-tracker-dashboard-vibe-coder.png",
        "image_url": null,
        "caption": "Dashboard area",
        "order": 0,
        "created_at": "2025-03-23T09:45:32.994Z",
        "updated_at": "2025-03-23T09:45:32.994Z"
    }
},
{
    "model": "portfolio.portfolioimage",
    "pk": 64,
    "fields": {
        "portfolio": 10,
        "image": "portfolio/gallery/projecttracker-vibecoder.png",
        "image_url": null,
        "caption": "Task Area",
        "order": 2,
        "created_at": "2025-03-23T09:50:32.885Z",
        "updated_at": "2025-03-23T09:50:32.885Z"
    }
},
{
    "model": "portfolio.portfolioimage",
    "pk": 65,
    "fields": {
        "portfolio": 9,
        "image": "portfolio/gallery/pen-fav-prompts.png",
        "image_url": null,
        "caption": "Prompts in members area",
        "order": 6,
        "created_at": "2025-03-26T18:41:55.031Z",
        "updated_at": "2025-03-26T18:45:14.806Z"
    }
},
{
    "model": "portfolio.portfolioimage",
    "pk": 66,
    "fields": {
        "portfolio": 9,
        "image": "portfolio/gallery/pen-resource.png",
        "image_url": null,
        "caption": "Free resources included",
        "order": 7,
        "created_at": "2025-03-26T18:41:55.036Z",
        "updated_at": "2025-03-26T18:41:55.036Z"
    }
},
{
    "model": "portfolio.portfolioimage",
    "pk": 67,
    "fields": {
        "portfolio": 9,
        "image": "portfolio/gallery/pen-save-favourites.png",
        "image_url": null,
        "caption": "Prompts can be saved",
        "order": 5,
        "created_at": "2025-03-26T18:41:55.040Z",
        "updated_at": "2025-03-26T18:41:55.040Z"
    }
}
]
